{
  "en": {
    "Monday":    "Mo",
    "Tuesday":   "Tu",
    "Wednesday": "We",
    "Thursday":  "Th",
    "Friday":    "Fr",
    "Saturday":  "Sa",
    "Sunday":    "Su",
    "January":   "January",
    "February":  "February",
    "March":     "March",
    "April":     "April",
    "May":       "May",
    "June":      "June",
    "July":      "July",
    "August":    "August",
    "September": "September",
    "October":   "October",
    "November":  "November",
    "December":  "December",
    "Cancel":    "Cancel",
    "Prev":      "Prev",
    "Next":      "Next",
    "Back":      "Back"
  },
  "ru": {
    "Monday":    "Пн",
    "Tuesday":   "Вт",
    "Wednesday": "Ср",
    "Thursday":  "Чт",
    "Friday":    "Пт",
    "Saturday":  "Сб",
    "Sunday":    "Вс",
    "January":   "Январь",
    "February":  "Февраль",
    "March":     "Март",
    "April":     "Апрель",
    "May":       "Май",
    "June":      "Июнь",
    "July":      "Июль",
    "August":    "Август",
    "September": "Сентябрь",
    "October":   "Октябрь",
    "November":  "Ноябрь",
    "December":  "Декабрь",
    "Cancel":    "Отмена",
    "Prev":      "Назад",
    "Next":      "Вперед",
    "Back":      "Назад"
  }
}